"","CurrentRatio","NetMargin","OperatingMargin","ROA1","ROE1"
"1441693","PC2+PC3+PC5+PC6+BurntArea","PC1+PC3+PC4+PC6+BurntArea","PC1+PC4+PC5+PC6+BurntArea","PC3+PC5+BurntArea","PC1+PC3+BurntArea"
"1159275","PC1+PC5+PC6+BurntArea","PC1+PC3+PC4+BurntArea","PC1+PC3+PC4+BurntArea","PC1+PC2+PC3+PC5+PC6+BurntArea","PC2+PC3+PC4+PC5"
"825542","PC3+PC6","PC1+PC2+PC3+PC5+BurntArea","PC1+PC2+PC3+PC4+PC5+BurntArea","PC3+PC5","PC4"
"1548240","PC1+PC2+PC3+BurntArea","PC2+PC6+BurntArea","PC2+PC6+BurntArea","PC3+PC6","PC3+PC6"
"5981","PC1+PC3+BurntArea","PC1","PC1+PC4","PC1+PC3","PC1+PC3"
"3545","PC3+PC6","PC2","PC2","PC2","PC2"
"1705843","PC1","PC3+BurntArea","PC3+BurntArea","PC1","PC1+PC2+PC3+BurntArea"
"1425292","BurntArea","PC2","PC2","PC2","PC1"
"37785","PC1+PC2+PC4+BurntArea","PC1+PC2+PC3+PC4+BurntArea","PC1+PC2+PC3+PC4+BurntArea","PC1+PC2+PC3+PC4+PC5+BurntArea","PC1+PC2+PC3+PC4+PC5+BurntArea"
"1121702","PC2+PC6+BurntArea","PC3+PC5","PC3+PC5","PC3+PC4+PC6+BurntArea","PC2"
