"","entity.cik","entity.name","period.start","period.end","period.fiscal.year","location","CurrentRatio","DERatio","NetMargin","OperatingMargin","QuickRatio","ROA1","ROC1","ROE1","eps","X1","X2","X3","X4","X5","X6","X7","X8","X9","X10","X11","X12","BurntArea"
"1",1441693,"MARRONE BIO INNOVATIONS INC","1/1/20","31/12/20",2020,"CA",1.414066369,0.365456861,-0.525564184,-0.448089853,1.140911342,-0.248383561,-0.107011343,-0.642088507,-0.14,7.458,9.633,9.371,13.922,18.489,21.539,24.771,26.026,23.31,18.923,10.755,7.616,4092150.5
"2",1441693,"MARRONE BIO INNOVATIONS INC","1/1/19","31/12/19",2019,"CA",1.029926488,0.502886493,-1.265618085,-0.952745719,0.643443206,-0.511228461,-0.348309199,-1.578020205,-0.32,7.859,5.068,9.872,14.86,15.18,21.81,24.188,24.819,20.662,14.941,11.748,6.945,259148
"3",1441693,"MARRONE BIO INNOVATIONS INC","1/1/18","31/12/18",2018,"CA",2.662426009,0.913651824,-0.952544769,-0.919132893,1.935860058,-0.434062748,-0.180256405,-1.562538652,-0.2,9.377,8.331,9.853,14.261,17.472,22.023,26.433,24.653,21.7,16.13,11.668,7.145,1823153.2
"4",1441693,"MARRONE BIO INNOVATIONS INC","1/1/17","31/12/17",2017,"CA",0.868921007,-0.481866103,-1.702262344,-1.265756592,0.422279793,-0.837780728,-0.176577358,0.610550631,-1.06,5.759,8.793,12.29,13.493,17.785,22.731,25.937,25.407,21.123,16.665,12.065,8.633,1266224
"5",1441693,"MARRONE BIO INNOVATIONS INC","1/1/16","31/12/16",2016,"CA",1.76241065,-0.69848264,-2.212718986,-1.684945165,1.206177454,-0.675706239,-0.217210708,1.02938643,-1.26,6.984,11.25,11.86,14.719,17.081,23.136,24.852,24.478,20.903,15.935,11.737,6.456,560815
"6",1441693,"MARRONE BIO INNOVATIONS INC","1/1/15","31/12/15",2015,"CA",2.794925675,-10.63748764,-4.461585552,-4.025813692,2.089501128,-0.614148678,-0.312060224,21.62611276,-1.79,9.368,11.98,14.247,13.965,16.307,23.57,23.936,24.767,22.437,18.343,8.989,5.777,893362
"7",1441693,"MARRONE BIO INNOVATIONS INC","1/1/14","31/12/14",2014,"CA",1.753829883,0.290903072,-5.654443958,-5.312281086,1.348599449,-0.669314089,-0.544064678,-1.554542445,-2.32,10,10.025,12.341,14.546,18.436,22.2,25.743,23.824,22.323,17.974,11.899,8.208,555044
"8",1441693,"MARRONE BIO INNOVATIONS INC","1/1/13","31/12/13",2013,"CA",3.847456536,0.314621711,-3.699029126,-3.755505565,3.028589826,-0.446837724,-0.27120341,-0.800440675,-3.74,5.607,7.521,12.415,14.707,17.899,22.513,25.563,23.46,21.924,14.708,11.243,6.683,577675
"9",1441693,"MARRONE BIO INNOVATIONS INC","1/1/12","31/12/12",2012,"CA",0.705442684,-0.104596819,-5.433333333,-3.338655462,0.580304626,-1.148499023,-0.918586062,0.522499226,-32.48,7.981,8.224,9.758,13.483,17.957,20.792,23.765,25.407,22.76,16.638,11.475,6.062,869599
"10",1441693,"MARRONE BIO INNOVATIONS INC","1/1/11","31/12/11",2011,"CA",NA,NA,-2.509998096,-2.49933346,NA,NA,NA,0.386510264,-10.64,7.319,6.579,9.719,12.175,14.375,19.5,23.461,24.032,22.427,16.254,9.091,6.257,126854
"11",1159275,"KIWA BIO-TECH PRODUCTS GROUP CORP","1/1/19","31/12/19",2019,"CA",1.602045029,0,-0.165512244,-0.0295783,1.599834684,-0.275674324,-0.275674324,-0.685090211,-0.29,7.859,5.068,9.872,14.86,15.18,21.81,24.188,24.819,20.662,14.941,11.748,6.945,259148
"12",1159275,"KIWA BIO-TECH PRODUCTS GROUP CORP","1/1/18","31/12/18",2018,"CA",1.601761386,0,0.011217504,0.084480001,1.518715028,0.010575515,0.010575515,0.027016118,0.02,9.377,8.331,9.853,14.261,17.472,22.023,26.433,24.653,21.7,16.13,11.668,7.145,1823153.2
"13",1159275,"KIWA BIO-TECH PRODUCTS GROUP CORP","1/1/17","31/12/17",2017,"CA",2.149435707,0,0.307412553,0.104002538,1.839981861,0.265390946,0.265390946,0.497527701,0.51,5.759,8.793,12.29,13.493,17.785,22.731,25.937,25.407,21.123,16.665,12.065,8.633,1266224
"14",1159275,"KIWA BIO-TECH PRODUCTS GROUP CORP","1/1/16","31/12/16",2016,"CA",0.433023508,0,0.092613717,0.090711198,0.433023508,0.146430808,0.146430808,-0.209947946,0.17,6.984,11.25,11.86,14.719,17.081,23.136,24.852,24.478,20.903,15.935,11.737,6.456,560815
"15",1159275,"KIWA BIO-TECH PRODUCTS GROUP CORP","1/1/15","31/12/15",2015,"CA",0.004566714,0,NA,NA,0.004566714,-10.72549641,-10.72549641,0.061020747,-0.34,9.368,11.98,14.247,13.965,16.307,23.57,23.936,24.767,22.437,18.343,8.989,5.777,893362
"16",1159275,"KIWA BIO-TECH PRODUCTS GROUP CORP","1/1/14","31/12/14",2014,"CA",0.00172419,0,NA,NA,0.00172419,-28.74491164,-28.74491164,0.059723676,-0.35,10,10.025,12.341,14.546,18.436,22.2,25.743,23.824,22.323,17.974,11.899,8.208,555044
"17",1159275,"KIWA BIO-TECH PRODUCTS GROUP CORP","1/1/13","31/12/13",2013,"CA",0.00195937,0,NA,NA,0.00195937,130.3797086,130.3797086,-0.329920127,0.01,5.607,7.521,12.415,14.707,17.899,22.513,25.563,23.46,21.924,14.708,11.243,6.683,577675
"18",1159275,"KIWA BIO-TECH PRODUCTS GROUP CORP","1/1/12","31/12/12",2012,"CA",0.002172973,0,NA,NA,0.002172973,-31.92769824,-31.92769824,0.097233426,-0.003,7.981,8.224,9.758,13.483,17.957,20.792,23.765,25.407,22.76,16.638,11.475,6.062,869599
"19",1159275,"KIWA BIO-TECH PRODUCTS GROUP CORP","1/1/11","31/12/11",2011,"CA",0.004028593,0,NA,NA,0.004028593,-26.84675947,-26.84675947,0.136999514,-0.005,7.319,6.579,9.719,12.175,14.375,19.5,23.461,24.032,22.427,16.254,9.091,6.257,126854
"20",1159275,"KIWA BIO-TECH PRODUCTS GROUP CORP","1/1/10","31/12/10",2010,"CA",0.012091564,0,-25.84472381,-23.14189834,0.012091564,-17.24809768,-17.24809768,0.219399736,-0.006,7.316,8.428,9.967,10.878,14.202,20.665,24.508,22.987,21.296,15.718,9.377,7.556,109529
"21",1159275,"KIWA BIO-TECH PRODUCTS GROUP CORP","1/1/09","31/12/09",2009,"CA",0.025939166,0,-98.73135381,-54.14472997,0.025939166,-8.885856651,-8.885856651,0.476603915,-0.01,8.289,7.611,10.002,12.664,19.405,19.844,25.301,23.769,22.735,14.439,10.635,5.357,405585
"22",1159275,"KIWA BIO-TECH PRODUCTS GROUP CORP","1/1/08","31/12/08",2008,"CA",0.494323737,0,-16.23765697,-8.107983021,0.449851902,-0.691967082,-0.691967082,0.838369751,0.037,5.119,7.944,10.598,12.73,16.751,21.827,24.726,24.678,22.028,16.542,12.314,5.597,1375781
"23",1159275,"KIWA BIO-TECH PRODUCTS GROUP CORP","1/1/07","31/12/07",2007,"CA",0.521125902,0,NA,NA,0.234441355,NA,NA,NA,-0.038,5.378,8.384,12.838,13.693,18.048,21.469,24.957,24.448,19.757,14.717,11.901,5.159,1087110
"24",825542,"SCOTTS MIRACLE-GRO CO","1/10/19","30/9/20",2020,"OH",1.280092593,2.087062536,0.093765127,0.141640043,0.625736532,0.114598432,0.545037716,0.555651176,6.96,1.746,0.733,7.34,9.003,15.207,21.874,25.431,22.848,18.592,13.793,3.274,2.458,1038
"25",825542,"SCOTTS MIRACLE-GRO CO","1/10/18","30/9/19",2019,"OH",1.678807413,2.119799638,0.145975919,0.129784537,0.808058018,0.152111467,0.655132565,0.641018506,8.3,-2.364,0.713,3.019,11.485,17.595,20.928,24.925,22.65,21.483,12.659,3.345,1.943,337
"26",825542,"SCOTTS MIRACLE-GRO CO","1/10/17","30/9/18",2018,"OH",1.445568794,5.312464749,0.023916798,0.074678982,0.659866166,0.020854477,0.637583893,0.17963903,1.13,-3.626,2.794,2.766,7.499,20.493,22.421,23.741,23.667,21.32,14.343,5.829,-1.342,733
"27",825542,"SCOTTS MIRACLE-GRO CO","1/10/16","30/9/17",2017,"OH",1.619283747,1.938964242,0.082623671,0.164036183,0.870890725,0.079468511,0.537422643,0.336467324,3.68,1.575,4.892,5.061,13.813,16.226,21.531,23.365,21.411,19.21,14.551,8.089,-0.239,1116
"28",825542,"SCOTTS MIRACLE-GRO CO","1/10/15","30/9/16",2016,"OH",1.460755197,1.441414989,0.125807996,0.178597079,0.902559751,0.114413238,0.488496988,0.440855705,5.16,-2.422,1.148,8.402,10.384,15.995,22.345,24.324,24.898,21.18,12.709,8.846,6.637,548
"29",825542,"SCOTTS MIRACLE-GRO CO","1/10/14","30/9/15",2015,"OH",1.809246686,1.651361366,0.06739488,0.107038927,1.169414808,0.063232035,0.468819247,0.257451265,2.62,-3.969,-7.695,2.618,11.158,18.882,21.606,22.713,21.817,20.766,12.189,3.102,2.064,684
"30",825542,"SCOTTS MIRACLE-GRO CO","1/10/13","30/9/14",2014,"OH",1.716541215,1.250496659,0.076051706,0.129584799,1.009546539,0.080891998,0.41728611,0.300704353,2.7,-6.449,-4.452,1.22,11.11,17.061,22.114,21.472,22.19,18.297,12.643,4.27,0.134,152
"31",825542,"SCOTTS MIRACLE-GRO CO","1/10/12","30/9/13",2013,"OH",1.728128678,0.672906404,0.074369864,0.143338565,1.090819929,0.083161264,0.329960768,0.226741731,2.61,-0.631,-1.38,1.881,10.424,17.751,21.486,23.159,21.688,18.854,11.578,4.594,3.359,1250
"32",825542,"SCOTTS MIRACLE-GRO CO","1/10/11","30/9/12",2012,"OH",2.306273063,1.297723874,NA,NA,1.349400369,0.051340147,0.427882761,0.176939691,1.75,0.287,1.954,11.408,10.379,19.668,21.871,25.93,22.465,18.014,11.817,8.638,2.874,1203
"33",825542,"SCOTTS MIRACLE-GRO CO","1/10/10","30/9/11",2011,"OH",2.118011097,1.414433726,NA,NA,1.29214682,0.081814638,0.467644479,0.299928546,2.6,-4.428,-0.46,4.472,11.383,17.057,22.04,25.871,22.857,18.483,12.819,5.864,-3.726,4218
"34",825542,"SCOTTS MIRACLE-GRO CO","1/10/09","30/9/10",2010,"OH",1.517508143,0.571223022,NA,NA,1.03854506,0.094316081,0.296118299,0.266971877,3.08,-3.652,-3.132,5.972,13.21,18.035,23.089,24.767,24.106,19.431,10.328,8.151,-0.623,10962
"35",825542,"SCOTTS MIRACLE-GRO CO","1/10/08","30/9/09",2009,"OH",1.441464059,NA,NA,NA,0.835095137,0.069050944,NA,0.262275449,2.36,-5.92,-0.068,5.904,10.852,16.776,21.238,21.066,22.328,18.745,11.351,4.709,-0.488,1078
"36",825542,"SCOTTS MIRACLE-GRO CO","1/10/07","30/9/08",2008,"OH",NA,NA,NA,NA,NA,NA,NA,-0.024959927,-0.17,-1.43,-1.718,3.004,11.87,14.504,22.235,23.178,21.944,20.019,15.725,5.837,0.698,1578
"37",1133470,"CALAVO GROWERS, INC","1/11/19","31/10/20",2020,"CA",1.278037449,0.027574003,-0.012861405,0.030359525,0.885047634,-0.031713778,-0.015283131,-0.05322224,-0.78,7.458,9.633,9.371,13.922,18.489,21.539,24.771,26.026,23.31,18.923,11.748,6.945,1536815.5
"38",1133470,"CALAVO GROWERS, INC","1/11/18","31/10/19",2019,"CA",1.406999967,0.021597305,0.030646182,0.059414088,0.999966898,0.093877446,0.109693616,0.128191584,2.09,7.859,5.068,9.872,14.86,15.18,21.81,24.188,24.819,20.662,14.941,11.668,7.145,1301818.13333333
"39",1133470,"CALAVO GROWERS, INC","1/11/17","31/10/18",2018,"CA",1.298828618,0.001630441,0.02964938,0.05192614,0.944644897,0.087783084,0.088957839,0.121833944,1.85,9.377,8.331,9.853,14.261,17.472,22.023,26.433,24.653,21.7,16.13,12.065,8.633,1451867.06666667
"40",1133470,"CALAVO GROWERS, INC","1/11/16","31/10/17",2017,"CA",1.031514974,0.002326705,0.034651555,0.053825664,0.765880155,0.102357209,0.103917148,0.152669567,2.14,5.759,8.793,12.29,13.493,17.785,22.731,25.937,25.407,21.123,16.665,11.737,6.456,795951.333333333
"41",1133470,"CALAVO GROWERS INC","1/11/15","31/10/16",2016,"CA",1.234239672,0.002710758,0.040635731,0.06529376,0.942958268,0.115944415,0.117722218,0.176789774,2.19,6.984,11.25,11.86,14.719,17.081,23.136,24.852,24.478,20.903,15.935,8.989,5.777,782513
"42",1133470,"CALAVO GROWERS INC","1/11/14","31/10/15",2015,"CA",1.193791003,0.015012205,0.031743975,0.050966126,0.92451307,0.095453509,0.105251891,0.146245336,1.57,9.368,11.98,14.247,13.965,16.307,23.57,23.936,24.767,22.437,18.343,11.899,8.208,667816.666666667
"43",1133470,"CALAVO GROWERS INC","1/11/13","31/10/14",2014,"CA",1.218293613,0.043978462,0.00012396,-0.021033597,0.911601335,0.000342195,0.028176417,0.000540673,0.01,10,10.025,12.341,14.546,18.436,22.2,25.743,23.824,22.323,17.974,11.243,6.683,570131.333333333
"44",1133470,"CALAVO GROWERS INC","1/11/12","31/10/13",2013,"CA",0.971216654,0.109578229,-0.00259599,-0.0099848,0.717432865,-0.007481068,0.046907756,-0.015072254,-0.12,5.607,7.521,12.415,14.707,17.899,22.513,25.563,23.46,21.924,14.708,11.475,6.062,772291
"45",1133470,"CALAVO GROWERS INC","1/11/11","31/10/12",2012,"CA",1.130825927,0.179664911,0.028672573,0.046049946,0.819911121,0.076010987,0.164783468,0.153837167,1.07,7.981,8.224,9.758,13.483,17.957,20.792,23.765,25.407,22.76,16.638,9.091,6.257,374435.666666667
"46",1133470,"CALAVO GROWERS INC","1/11/10","31/10/11",2011,"CA",1.137550728,0.264325241,0.021181599,0.03508322,0.854476009,0.059722754,0.187564415,0.123482685,0.75,7.319,6.579,9.719,12.175,14.375,19.5,23.461,24.032,22.427,16.254,9.377,7.556,115304
"47",1133470,"CALAVO GROWERS INC","1/11/09","31/10/10",2010,"CA",1.314841207,0.084503212,0.044593838,0.071198516,0.999361851,0.11827055,0.167925006,0.201275819,1.22,7.316,8.428,9.967,10.878,14.202,20.665,24.508,22.987,21.296,15.718,10.635,5.357,306899.666666667
"48",1133470,"CALAVO GROWERS INC","1/11/08","31/10/09",2009,"CA",1.341324853,0.2198109,0.039479065,0.063063246,1.022452363,0.11046455,0.234425724,0.195878366,0.94,8.289,7.611,10.002,12.664,19.405,19.844,25.301,23.769,22.735,14.439,12.314,5.597,1052382.33333333
"49",1133470,"CALAVO GROWERS INC","1/11/07","31/10/08",2008,"CA",1.389197515,0.407726239,0.021370832,0.033936051,1.013231655,0.057355627,0.255691015,0.117908329,0.54,5.119,7.944,10.598,12.73,16.751,21.827,24.726,24.678,22.028,16.542,11.901,5.159,1183333.66666667
"50",1133470,"CALAVO GROWERS INC","1/11/06","31/10/07",2007,"CA",1.539949093,0.194762374,0.024192697,0.039648958,1.263627649,0.057257573,0.169843303,0.099050039,0.51,5.378,8.384,12.838,13.693,18.048,21.469,24.957,24.448,19.757,14.717,10.885,6.676,814982.666666667
"51",1133470,"CALAVO GROWERS INC","1/11/05","31/10/06",2006,"CA",1.355388027,0.19873437,0.021145465,0.03403806,1.042926829,0.053810325,0.162713944,0.098196563,0.4,7.079,8.929,7.234,12.031,18.357,22.972,26.279,23.28,20.785,14.838,11.494,7.796,361475.666666667
"52",1133470,"CALAVO GROWERS INC","1/11/04","31/10/05",2005,"CA",1.752006146,0.201278843,0.012835076,0.012155072,1.321068807,0.030622592,0.15075312,0.051308189,0.24,6.816,8.689,11.09,12.042,17.079,19.17,25.731,24.316,19.394,15.419,8.923,7.081,228956
"53",1133470,"CALAVO GROWERS INC","1/11/03","31/10/04",2004,"CA",1.901093549,0.001274552,0.022646216,0.033910976,1.397485279,0.092139233,0.092970118,0.141338735,0.46,6.494,7.108,14.232,14.381,17.627,21.407,24.515,23.797,20.789,14.471,8.453,6.689,609620.333333333
"54",1133470,"CALAVO GROWERS INC","1/11/02","31/10/03",2003,"CA",2.290774402,0.002288206,0.02901593,0.04291602,1.791459163,0.133360651,0.134943843,0.192747732,0.55,10.056,7.94,11.274,10.433,17.007,21.852,25.903,23.947,22.63,18.513,11.521,6.708,602264.666666667
"56",1756180,"NOCERA, INC.","1/1/20","31/12/20",2020,"GA",1.718761331,0.073497329,-0.540410851,-0.582728286,0.992866014,-0.128400523,-0.090339762,-0.247948159,-0.0538,11.153,11.534,17.716,17.768,21.267,25.314,27.627,27.073,23.956,20.653,16.367,8.427,5677
"57",1756180,"NOCERA, INC.","1/1/19","31/12/19",2019,"GA",0.963748895,0,-2.750847087,-3.021645581,0.85306973,-0.374123635,-0.374123635,-1.713734811,-0.1017,9.337,13.869,13.808,18.555,24.649,26.035,27.384,27.275,26.646,21.326,12.084,11.655,12407
"58",1756180,"NOCERA, INC.","1/1/18","31/12/18",2018,"GA",1.893423888,0,0.372206089,0.519818658,1.864723199,0.422353197,0.422353197,0.96655904,0.179,6.296,15.507,12.953,16.378,23.623,26.624,26.954,26.552,26.837,20.511,12.248,10.512,14236
"59",1285785,"MOSAIC CO","1/1/20","31/12/20",2020,"FL",1.119084697,0.425177949,0.076724605,0.04755981,0.566343556,0.033658753,0.239512274,0.069520112,1.76,17.045,17.934,21.857,22.891,24.484,27.41,28.37,28.561,27.301,25.39,22.203,14.762,99413.1
"60",1285785,"MOSAIC CO","1/1/19","31/12/19",2019,"FL",1.434656789,0.492678678,-0.119847748,-0.12293545,0.633483814,-0.055309998,0.179190092,-0.116204888,-2.78,15.255,19.966,19.079,21.923,26.065,28.002,28.154,28.369,28.058,25.773,19.115,18.222,122500
"61",1285785,"MOSAIC CO","1/1/18","31/12/18",2018,"FL",1.705922615,0.431987151,0.049023187,0.096826009,0.791883078,0.02336077,0.246605233,0.045204043,1.22,13.41,20.867,17.693,21.374,24.796,27.594,28.05,28.048,28.285,25.144,19.952,17.103,138820
"62",1285785,"MOSAIC CO","1/1/17","31/12/17",2017,"FL",2.272906307,0.507210814,-0.014468108,0.062852593,1.517699769,-0.00575311,0.256040229,-0.011146348,-0.31,17.591,18.993,19.342,22.565,25.157,26.917,28.314,28.374,27.225,24.183,20.403,17.086,298831
"63",1285785,"MOSAIC CO","1/1/16","31/12/16",2016,"FL",2.070490249,0.394309622,0.04157592,0.044535656,1.128521127,0.01768335,0.242098013,0.031070676,0.85,14.448,15.75,20.695,21.964,24.736,27.838,29.001,28.49,27.596,24.19,19.992,19.319,74416
"64",1285785,"MOSAIC CO","1/1/15","31/12/15",2015,"FL",2.024132877,0.395465704,0.112463885,0.143761312,1.260332193,0.057528969,0.274297708,0.104953944,2.79,15.48,14.295,20.949,23.9,25.35,27.619,28.268,28.209,27.019,23.969,22.821,21.248,73432
"65",1285785,"MOSAIC CO","1/1/14","31/12/14",2014,"FL",3.266424501,0.352981846,0.113584664,0.144857439,2.190267427,0.056259914,0.262899962,0.096102998,2.69,13.252,17.392,17.899,21.451,24.601,26.955,27.811,28.464,26.774,23.278,17.104,17.173,101599
"67",1285785,"MOSAIC CO","1/6/12","31/5/13",2013,"FL",3.898521163,0.075200739,0.187836497,0.221533772,3.016148224,0.103588411,0.159410594,0.139548915,4.44,18.435,17.152,15.533,22.167,23.576,26.598,28.145,27.884,26.868,23.548,17.769,17.608,66868
"68",1285785,"MOSAIC CO","1/6/11","31/5/12",2012,"FL",3.431767221,0.084170875,0.172626443,0.235069051,2.786410805,0.114886402,0.17540023,0.159799657,4.44,16.006,18.432,21.678,22.084,25.55,27.987,28.406,29.074,27.038,22.167,20.093,18.021,299991
"69",1285785,"MOSAIC CO","1/6/10","31/5/11",2011,"FL",3.466372829,0.065394791,0.253426312,0.268087504,2.809696655,0.159531004,0.207754531,0.216336242,5.62,13.571,17.097,19.662,23.127,24.908,28.673,28.876,28.944,27.702,23.117,19.379,11.175,63091
"70",1285785,"MOSAIC CO","1/6/09","31/5/10",2010,"FL",3.815323261,NA,0.122368363,0.188013197,3.046629343,0.065086522,NA,0.094826993,1.86,12.205,12.291,15.706,21.277,26.023,27.954,27.993,28.199,27.408,24.627,19.761,16.671,156102
"71",1469443,"ARCADIA BIOSCIENCES, INC.","1/1/20","31/12/20",2020,"CA",5.019955654,0.075924256,-0.579412497,-1.590490416,4.416217928,-0.098314607,-0.053856551,-0.167899008,-1,7.458,9.633,9.371,13.922,18.489,21.539,24.771,26.026,23.31,18.923,10.755,7.616,4092150.5
"72",1469443,"ARCADIA BIOSCIENCES, INC.","1/1/19","31/12/19",2019,"CA",4.982480729,0.013887086,-24.64071856,-16.57912746,4.668185004,-0.884294222,-0.881009394,-3.738481506,1,7.859,5.068,9.872,14.86,15.18,21.81,24.188,24.819,20.662,14.941,11.748,6.945,259148
"73",1469443,"ARCADIA BIOSCIENCES, INC.","1/1/18","31/12/18",2018,"CA",7.490504257,0,-9.207650273,-11.52322404,7.431237721,-0.561105561,-0.561105561,-1.051892314,-3.58,9.377,8.331,9.853,14.261,17.472,22.023,26.433,24.653,21.7,16.13,11.668,7.145,1823153.2
"74",1469443,"ARCADIA BIOSCIENCES, INC.","1/1/17","31/12/17",2017,"CA",4.268652482,0,-3.901390959,-3.555638351,4.203687943,-0.947917924,-0.947917924,-1.961658549,18,5.759,8.793,12.29,13.493,17.785,22.731,25.937,25.407,21.123,16.665,12.065,8.633,1266224
"75",1469443,"ARCADIA BIOSCIENCES, INC.","1/1/16","31/12/16",2016,"CA",16.68967721,1.131948824,-6.155583438,-5.840652447,16.6091403,-0.346873122,0.097270831,-0.884043608,96,6.984,11.25,11.86,14.719,17.081,23.136,24.852,24.478,20.903,15.935,11.737,6.456,560815
"76",1469443,"ARCADIA BIOSCIENCES, INC.","1/1/15","31/12/15",2015,"CA",15.0773913,0.619763828,-3.316586627,-2.874584411,14.99217391,-0.241857709,0.093936047,-0.446389062,-115,9.368,11.98,14.247,13.965,16.307,23.57,23.936,24.767,22.437,18.343,8.989,5.777,893362
"77",1469443,"ARCADIA BIOSCIENCES, INC.","1/1/14","31/12/14",2014,"CA",1.658975952,-0.104629215,-2.626611286,-2.170295044,1.621350608,-0.736831532,-0.380489373,0.216348536,NA,10,10.025,12.341,14.546,18.436,22.2,25.743,23.824,22.323,17.974,11.899,8.208,555044
"78",1482541,"SURNA INC.","1/1/20","31/12/20",2020,"CO",0.623896855,0,-0.206560937,-0.277489843,0.568489295,-0.365389322,-0.365389322,1.318676342,-0.01,-3.067,-3.205,3.658,6.239,13.112,18.475,20.791,21.193,14.857,8.243,3.425,-3.191,625357
"79",1482541,"SURNA INC.","1/1/19","31/12/19",2019,"CO",0.640518763,0,-0.087922102,-0.086084466,0.332611022,-0.33072914,-0.33072914,3.763918219,-0.01,-3.785,-4.315,0.935,7.413,8.923,16.042,20.695,20.229,17.124,4.79,1.616,-2.65,40392
"80",1482541,"SURNA INC.","1/1/18","31/12/18",2018,"CO",0.597060048,0,-0.495070011,-0.503079743,0.231320282,-1.722980102,-1.722980102,-24.41001667,-0.02,-1.752,-2.242,3.177,6.611,14.117,19.351,21.133,19.154,16.546,7.024,0.125,-3.461,475803
"81",1482541,"SURNA INC.","1/1/17","31/12/17",2017,"CO",1.090756797,0,-0.682182329,-0.588282694,0.936996553,-1.018612403,-1.018612403,-3.482299294,-0.03,-4.204,1.462,5.727,6.832,10.936,18.422,20.896,18.302,15.074,8.008,4.971,-1.594,111667
"82",1482541,"SURNA INC.","1/1/16","31/12/16",2016,"CO",0.321757081,0,-0.431750943,-0.070306944,0.14439728,-1.545273656,-1.545273656,1.550234386,-0.02,-3.954,0.061,3.333,6.487,10.564,19.301,20.825,18.226,15.41,10.776,4.366,-4.215,129495
"83",1482541,"SURNA INC.","1/1/15","31/12/15",2015,"CO",0.431536329,0,-0.673344994,-0.395899148,0.194041714,-1.706888828,-1.706888828,1.860017413,-0.04,-1.995,-0.273,4.739,7.076,10.048,18.514,19.339,19.464,17.036,10.574,1.275,-3.78,22602
"84",1482541,"SURNA INC.","1/1/14","31/12/14",2014,"CO",0.658956373,0,-1.62703218,-1.736061323,0.54342187,-1.288924013,-1.288924013,3.385530103,-0.03,-3.508,-2.739,2.391,6.285,11.548,17.132,20.337,18.338,15.657,9.761,0.653,-2.682,2494
"85",1482541,"SURNA INC.","1/1/13","31/12/13",2013,"CO",0.001668959,0,-3863.12,-3863.12,0.001668959,-43.80948061,-43.80948061,0.073238473,0,-5.212,-3.714,1.66,4.253,11.694,18.824,20.476,19.499,17.148,6.692,1.686,-4.938,195145
"86",1482541,"SURNA INC.","1/1/12","31/12/12",2012,"CO",0.000589321,0,-2475.370968,-2512.812903,0.000589321,-42.36075076,-42.36075076,0.314848057,-0.01,-1.882,-2.874,5.529,8.916,13.15,20.094,21.644,20.01,15.339,7.849,3.931,-3.802,246445
"88",1482541,"SURNA INC.","1/12/10","30/11/11",2011,"CO",0.005412246,0,-1699.223881,-1688.5629,0.005412246,-39.9636938,-39.9636938,1.008214381,-0.02,-4.817,-4.537,3.034,5.972,9.686,17.377,21.248,20.866,14.795,8.233,1.434,-1.149,122118
"89",1548240,"Yew Bio-Pharm Group, Inc.","1/1/20","31/12/20",2020,"CA",0.949100199,0.197436059,0.053643577,0.094065052,0.94771228,0.02506357,0.178706202,0.032207548,0.04,7.458,9.633,9.371,13.922,18.489,21.539,24.771,26.026,23.31,18.923,10.755,7.616,4092150.5
"90",1548240,"Yew Bio-Pharm Group, Inc.","1/1/19","31/12/19",2019,"CA",1.113540505,0.206348261,0.035343509,0.036276421,0.861912654,0.018180514,0.175753551,0.023808119,0.02,7.859,5.068,9.872,14.86,15.18,21.81,24.188,24.819,20.662,14.941,11.748,6.945,259148
"91",1548240,"Yew Bio-Pharm Group, Inc.","1/1/18","31/12/18",2018,"CA",1.754340135,0.140154101,-0.035174164,0.019113177,0.875699378,-0.026612719,0.089271313,-0.03218633,-0.03,9.377,8.331,9.853,14.261,17.472,22.023,26.433,24.653,21.7,16.13,11.668,7.145,1823153.2
"92",1548240,"Yew Bio-Pharm Group, Inc.","1/1/17","31/12/17",2017,"CA",4.789285739,0.135037075,0.079256501,0.082009853,4.440680032,0.060703348,0.175947351,0.071129104,0.06,5.759,8.793,12.29,13.493,17.785,22.731,25.937,25.407,21.123,16.665,12.065,8.633,1266224
"93",1548240,"Yew Bio-Pharm Group, Inc.","1/1/16","31/12/16",2016,"CA",4.506863728,0.044687381,0.03908405,0.041313286,3.133625804,0.043443655,0.080760578,0.052024203,0.04,6.984,11.25,11.86,14.719,17.081,23.136,24.852,24.478,20.903,15.935,11.737,6.456,560815
"94",1548240,"Yew Bio-Pharm Group, Inc.","1/1/15","31/12/15",2015,"CA",3.634389676,0.078665338,0.178691496,0.173800344,2.62914362,0.120621473,0.190953314,0.134913701,0.1,9.368,11.98,14.247,13.965,16.307,23.57,23.936,24.767,22.437,18.343,8.989,5.777,893362
"95",1548240,"Yew Bio-Pharm Group, Inc.","1/1/14","31/12/14",2014,"CA",22.92292013,0,0.5544729,0.554702368,12.63792059,0.122258668,0.122258668,0.122750164,0.08,10,10.025,12.341,14.546,18.436,22.2,25.743,23.824,22.323,17.974,11.899,8.208,555044
"96",1548240,"Yew Bio-Pharm Group, Inc.","1/1/13","31/12/13",2013,"CA",0.616722647,0,0.524182058,0.523914169,0.39879986,0.110430429,0.110430429,0.128634651,0.08,5.607,7.521,12.415,14.707,17.899,22.513,25.563,23.46,21.924,14.708,11.243,6.683,577675
"97",1548240,"Yew Bio-Pharm Group, Inc.","1/1/12","31/12/12",2012,"CA",9.641974725,0,0.327946359,0.327684004,5.734648345,0.078675873,0.078675873,0.079394111,0.05,7.981,8.224,9.758,13.483,17.957,20.792,23.765,25.407,22.76,16.638,11.475,6.062,869599
"98",1548240,"Yew Bio-Pharm Group, Inc.","1/1/11","31/12/11",2011,"CA",0.535179981,0,0.677786372,0.678852462,0.271660426,0.162247822,0.162247822,0.181958313,0.1,7.319,6.579,9.719,12.175,14.375,19.5,23.461,24.032,22.427,16.254,9.091,6.257,126854
"99",1548240,"Yew Bio-Pharm Group, Inc.","1/1/10","31/12/10",2010,"CA",0.876966194,NA,NA,NA,0.581172375,0.125094034,NA,0.148738972,0.06,7.316,8.428,9.967,10.878,14.202,20.665,24.508,22.987,21.296,15.718,9.377,7.556,109529
"100",5981,"AMERICAN VANGUARD CORPORATION","1/1/20","31/12/20",2020,"CA",1.936243609,0.283565939,0.0332284,0.049940703,0.980253788,0.022405052,0.180339942,0.040227397,0.52,7.458,9.633,9.371,13.922,18.489,21.539,24.771,26.026,23.31,18.923,10.755,7.616,4092150.5
"101",5981,"AMERICAN VANGUARD CORPORATION","1/1/19","31/12/19",2019,"CA",2.425013344,0.410597379,0.02905042,0.056005519,1.247031838,0.020297031,0.242303365,0.037539054,0.47,7.859,5.068,9.872,14.86,15.18,21.81,24.188,24.819,20.662,14.941,11.748,6.945,259148
"102",5981,"AMERICAN VANGUARD CORPORATION","1/1/18","31/12/18",2018,"CA",2.13146611,0.293627555,0.053261042,0.085897876,1.03274284,0.040760664,0.203619688,0.073489658,0.83,9.377,8.331,9.853,14.261,17.472,22.023,26.433,24.653,21.7,16.13,11.668,7.145,1823153.2
"103",5981,"AMERICAN VANGUARD CORPORATION","1/1/17","31/12/17",2017,"CA",2.019643112,0.254002491,0.057102299,0.075466065,1.044032583,0.037853441,0.182526998,0.066459057,0.7,5.759,8.793,12.29,13.493,17.785,22.731,25.937,25.407,21.123,16.665,12.065,8.633,1266224
"104",5981,"AMERICAN VANGUARD CORPORATION","1/1/16","31/12/16",2016,"CA",2.339194841,0.145118537,0.04097234,0.065809498,1.097090879,0.029742578,0.124987208,0.045316985,0.44,6.984,11.25,11.86,14.719,17.081,23.136,24.852,24.478,20.903,15.935,11.737,6.456,560815
"105",5981,"AMERICAN VANGUARD CORPORATION","1/1/15","31/12/15",2015,"CA",2.576449635,0.254553922,0.022776123,0.039822795,1.038021914,0.015142325,0.172104671,0.024557089,0.23,9.368,11.98,14.247,13.965,16.307,23.57,23.936,24.767,22.437,18.343,8.989,5.777,893362
"106",5981,"AMERICAN VANGUARD CORPORATION","1/1/14","31/12/14",2014,"CA",3.533128193,0.376877124,0.016210478,0.022468975,1.494467352,0.010249385,0.219016305,0.018502735,0.17,10,10.025,12.341,14.546,18.436,22.2,25.743,23.824,22.323,17.974,11.899,8.208,555044
"107",5981,"AMERICAN VANGUARD CORPORATION","1/1/13","31/12/13",2013,"CA",2.257993285,0.200331068,0.090412339,0.146278027,0.992551969,0.076990812,0.192482618,0.133547584,1.22,5.607,7.521,12.415,14.707,17.899,22.513,25.563,23.46,21.924,14.708,11.243,6.683,577675
"108",5981,"AMERICAN VANGUARD CORPORATION","1/1/12","31/12/12",2012,"CA",1.95581068,0.160816076,0.100677244,0.162000601,1.182070907,0.092192853,0.182707745,0.163797278,1.32,7.981,8.224,9.758,13.483,17.957,20.792,23.765,25.407,22.76,16.638,11.475,6.062,869599
"109",5981,"AMERICAN VANGUARD CORPORATION","1/1/11","31/12/11",2011,"CA",2.325061689,0.277524162,0.073296134,0.13028431,1.425751345,0.064421208,0.215978024,0.117965275,0.8,7.319,6.579,9.719,12.175,14.375,19.5,23.461,24.032,22.427,16.254,9.091,6.257,126854
"110",5981,"AMERICAN VANGUARD CORPORATION","1/1/10","31/12/10",2010,"CA",2.317313328,0.322716704,0.047835554,0.083577215,0.870550541,0.039203509,0.230909526,0.065994941,0.4,7.316,8.428,9.967,10.878,14.202,20.665,24.508,22.987,21.296,15.718,9.377,7.556,109529
"111",5981,"AMERICAN VANGUARD CORPORATION","1/1/09","31/12/09",2009,"CA",2.337526246,0.296772424,-0.027655031,-0.030234702,0.927774321,-0.022678127,0.155299528,-0.037815099,-0.21,8.289,7.611,10.002,12.664,19.405,19.844,25.301,23.769,22.735,14.439,10.635,5.357,405585
"112",5981,"AMERICAN VANGUARD CORPORATION","1/1/08","31/12/08",2008,"CA",2.992206457,0.4891082,0.084277042,0.152160917,1.128624306,0.069767928,0.33558586,0.128373829,0.75,5.119,7.944,10.598,12.73,16.751,21.827,24.726,24.678,22.028,16.542,12.314,5.597,1375781
"113",5981,"AMERICAN VANGUARD CORPORATION","1/1/07","31/12/07",2007,"CA",2.494035311,0.401856318,0.086438785,0.166217426,1.232404167,0.075339628,0.301241849,0.134021283,0.71,5.378,8.384,12.838,13.693,18.048,21.469,24.957,24.448,19.757,14.717,11.901,5.159,1087110
"114",5981,"AMERICAN VANGUARD CORPORATION","1/1/06","31/12/06",2006,"CA",3.141549949,0.775672791,0.079722972,0.150775916,1.703649351,0.058877336,0.416230905,0.127799333,0.6,7.079,8.929,7.234,12.031,18.357,22.972,26.279,23.28,20.785,14.838,10.885,6.676,678919
"115",5981,"AMERICAN VANGUARD CORPORATION","1/1/05","31/12/05",2005,"CA",1.639570223,0.416630298,0.100118021,0.170008852,0.958695318,0.103707423,0.291272574,0.23036078,0.78,6.816,8.689,11.09,12.042,17.079,19.17,25.731,24.316,19.394,15.419,11.494,7.796,202754
"116",5981,"AMERICAN VANGUARD CORPORATION","1/1/04","31/12/04",2004,"CA",1.961156302,0.304414431,0.095966325,0.165443638,0.804986619,0.118328347,0.277499877,0.226302132,1.61,6.494,7.108,14.232,14.381,17.627,21.407,24.515,23.797,20.789,14.471,8.923,7.081,242057
"117",5981,"AMERICAN VANGUARD CORPORATION","1/1/03","31/12/03",2003,"CA",1.98683143,0.439901458,0.082194085,0.132481199,0.944922923,0.096154927,0.303605224,0.203897962,1.16,10.056,7.94,11.274,10.433,17.007,21.852,25.903,23.947,22.63,18.513,8.453,6.689,793402
"118",5981,"AMERICAN VANGUARD CORPORATION","1/1/02","31/12/02",2002,"CA",NA,NA,0.070020165,0.117998232,NA,NA,NA,NA,0.81,5.817,9.272,9.664,13.59,16.644,21.841,25.204,23.537,21.553,15.1,11.521,6.708,506696
"119",3545,"ALICO, INC.","1/10/19","30/9/20",2020,"FL",2.452925607,0,0.255786049,0.07481596,0.521977503,0.055814897,0.055814897,0.109373628,3.16,17.045,17.934,21.857,22.891,24.484,27.41,28.37,28.561,27.301,25.773,19.115,18.222,122500
"120",3545,"ALICO, INC.","1/10/18","30/9/19",2019,"FL",2.140755069,0.813734219,0.309469861,0.369845645,0.75417084,0.09064228,0.469452883,0.194711353,5.06,15.255,19.966,19.079,21.923,26.065,28.002,28.154,28.369,28.058,25.144,19.952,17.103,138820
"121",3545,"ALICO, INC.","1/10/17","30/9/18",2018,"FL",3.308856398,0.982320166,0.160554127,0.129612086,1.398211958,0.030820316,0.430124084,0.075820517,1.59,13.41,20.867,17.693,21.374,24.796,27.594,28.05,28.048,28.285,24.183,20.403,17.086,298831
"122",3545,"ALICO, INC.","1/10/16","30/9/17",2017,"FL",4.159982481,1.13250042,-0.072795754,-0.046938665,1.894825752,-0.022546293,0.411456122,-0.05883305,-1.14,17.591,18.993,19.342,22.565,25.157,26.917,28.314,28.374,27.225,24.19,19.992,19.319,74416
"123",3545,"ALICO, INC.","1/10/15","30/9/16",2016,"FL",3.84789592,1.110876708,0.048496491,0.151502122,0.717528643,0.015354214,0.438513981,0.040307799,0.84,14.448,15.75,20.695,21.964,24.736,27.838,29.001,28.49,27.596,23.969,22.821,21.248,73432
"124",3545,"ALICO, INC.","1/10/14","30/9/15",2015,"FL",2.932087511,1.177301059,0.086092499,0.123845722,0.51752714,0.028653214,0.465460955,0.077227247,1.64,15.48,14.295,20.949,23.9,25.35,27.619,28.268,28.209,27.019,23.278,17.104,17.173,101599
"125",3545,"ALICO, INC.","1/10/13","30/9/14",2014,"FL",6.081857765,0.361097553,0.091295443,0.090218551,4.849685535,0.036862334,0.263758832,0.058665068,1.29,13.252,17.392,17.899,21.451,24.601,26.955,27.811,28.464,26.774,23.812,20.18,18.604,7660
"126",3545,"ALICO, INC.","1/10/12","30/9/13",2013,"FL",5.203637629,0.238201995,0.193250116,0.117399986,2.644852493,0.098803058,0.26979481,0.137638718,2.69,18.435,17.152,15.533,22.167,23.576,27.432,27.327,28.188,27.493,23.548,17.769,17.608,66868
"127",3545,"ALICO, INC.","1/10/11","30/9/12",2012,"FL",3.001341264,0.287214025,0.14536863,0.186670021,1.409902029,0.099895722,0.297823139,0.144959466,2.51,16.006,18.432,21.678,22.084,25.55,26.598,28.145,27.884,26.868,22.167,20.093,18.021,299991
"128",3545,"ALICO, INC.","1/10/10","30/9/11",2011,"FL",2.467320538,0.479290836,0.071983528,0.154546008,0.575632028,0.039420113,0.338689699,0.063132706,0.96,13.571,17.097,19.662,23.127,24.908,27.987,28.406,29.074,27.038,23.117,19.379,11.175,63091
"129",3545,"ALICO, INC.","1/10/09","30/9/10",2010,"FL",4.732178969,0.685870939,-0.0078078,0.043425406,2.381193124,-0.003299491,0.378970114,-0.005919971,-0.08,12.205,12.291,15.706,21.277,26.023,28.673,28.876,28.944,27.702,24.627,19.761,16.671,156102
"130",3545,"ALICO, INC.","1/10/08","30/9/09",2009,"FL",4.060028472,0.690575995,-0.040758199,-0.08106961,2.578139829,-0.018223587,0.350373311,-0.034142371,-0.49,14.817,14.87,18.955,21.27,24.974,27.954,27.993,28.199,27.408,22.612,17.389,17.456,156102
"131",3545,"ALICO, INC.","1/10/07","30/9/08",2008,"FL",6.765384615,1.145420069,0.048143184,0.022159784,5.257087912,0.020453981,0.50337675,0.048513763,0.64,15.325,17.833,18.702,21.177,24.952,27.375,27.634,27.793,27.031,25.098,19.182,18.678,584495
"133",3545,"ALICO, INC.","1/9/06","31/8/07",2007,"FL",NA,NA,-0.103708193,0.128464831,NA,NA,NA,NA,-1.86,16.958,15.241,19.588,20.551,24.179,26.89,28.241,29.073,26.842,23.018,18.504,18.584,199993
"134",3545,"ALICO, INC.","1/9/05","31/8/06",2006,"FL",NA,NA,0.091567337,0.072150909,NA,NA,NA,NA,0.92,16.613,15.264,18.733,22.754,24.584,27.185,28.078,28.545,27.611,23.627,20.458,14.833,35922
"135",1705843,"CALYXT, INC.","1/1/20","31/12/20",2020,"MN",5.70050396,0.041166102,-1.879837323,-1.837742652,5.501367891,-0.708007643,-0.684036825,-1.215891525,-1.32,-9.479,-9.524,-0.463,4.26,12.335,20.297,22.232,20.522,14.012,4.076,1.576,-5.681,8838
"136",1705843,"CALYXT, INC.","1/1/19","31/12/19",2019,"MN",8.827404113,0,-5.429276316,-5.437637061,8.46692607,-0.449635633,-0.449635633,-0.633710885,-121,-13.707,-14.335,-4.831,5.407,10.794,18.431,21.575,18.924,16.118,5.914,-2.77,-8.084,5862
"137",1705843,"CALYXT, INC.","1/1/18","31/12/18",2018,"MN",13.63820674,0,-118.2076271,-119.1313559,13.63820674,-0.234841023,-0.234841023,-0.298692677,-0.91,-11.546,-12.595,-2.342,0.76,16.603,19.95,21.249,20.139,15.345,5.119,-4.478,-6.107,17005
"138",1705843,"CALYXT, INC.","1/1/17","31/12/17",2017,"MN",13.50658204,0,-51.14173228,-50.76574803,13.50658204,-0.359998337,-0.359998337,-0.452014754,-1.12,-9.305,-4.272,-1.826,6.981,12.365,18.739,21.061,18.185,16.403,8.66,-1.962,-10.059,5553
"139",1705843,"CALYXT, INC.","1/1/16","31/12/16",2016,"MN",1.907504363,0,-30.29072682,-30.34837093,1.907504363,-0.72706491,-0.72706491,-0.921259242,-0.62,-10.386,-6.48,2.183,5.915,14.052,19.038,21.058,20.511,16.331,9.211,4.818,-9.002,12268
"140",1705843,"CALYXT, INC.","1/1/15","31/12/15",2015,"MN",NA,NA,-4.629716981,-4.570754717,NA,NA,NA,-0.242775281,-0.88,-9.933,-14.313,-0.427,7.148,12.702,18.556,21.167,19.275,17.997,9.09,2.943,-3.678,30563
"141",835011,"MGP INGREDIENTS, INC.","1/1/20","31/12/20",2020,"KS",4.168144912,0.145779847,0.102004698,0.137138104,1.523973823,0.110059333,0.214460888,0.153680016,2.37,1.242,1.74,9.036,11.658,17.12,25.945,26.816,25.32,19.753,11.801,9.347,2.355,34581
"142",835011,"MGP INGREDIENTS, INC.","1/1/19","31/12/19",2019,"KS",4.687771981,0.175975139,0.106942894,0.130234738,1.203079272,0.120252203,0.246285613,0.167903083,2.27,-0.194,-2.105,4.378,13.256,16.341,23.048,26.546,25.655,24.594,10.915,5.104,2.814,21167
"143",835011,"MGP INGREDIENTS, INC.","1/1/18","31/12/18",2018,"KS",4.127352321,0.104447456,0.099136109,0.133340778,1.223980995,0.13416723,0.209880097,0.185086452,2.17,-0.962,0.111,7.92,9.006,22.184,26.158,26.513,24.91,21.753,12.304,3.855,1.424,59234
"144",835011,"MGP INGREDIENTS, INC.","1/1/17","31/12/17",2017,"KS",3.240548341,0.126871333,0.120371969,0.123497617,1.00031265,0.174024666,0.263098765,0.247869377,2.44,0.587,6.324,9.581,13.349,17.325,24.471,27.313,23.44,21.966,14.457,7.821,1.036,476306
"145",835011,"MGP INGREDIENTS, INC.","1/1/16","31/12/16",2016,"KS",2.997729423,0.110860471,0.097981858,0.131887778,0.866144074,0.138388895,0.210361416,0.213162716,1.82,0.063,4.942,9.993,13.609,16.951,25.849,27.082,25.325,22.136,16.628,10.273,-1,349829
"146",835011,"MGP INGREDIENTS, INC.","1/1/15","31/12/15",2015,"KS",2.421072197,0.065246212,0.079947131,0.100273501,0.862404078,0.134789769,0.173794452,0.225473485,1.48,0.212,-0.314,8.455,13.736,16.992,24.816,26.594,24.589,23.892,15.378,8.336,3.192,53936
"147",835011,"MGP INGREDIENTS, INC.","1/1/14","31/12/14",2014,"KS",2.674808118,0.073492071,0.075541715,0.053027572,1.554702745,0.147770184,0.195643354,0.226848081,1.32,-1.2,-2.177,5.055,12.474,18.695,23.663,24.797,26.192,20.714,15.191,4.005,1.597,31261
"148",835011,"MGP INGREDIENTS, INC.","1/1/13","31/12/13",2013,"KS",2.105007321,0.044250824,-0.015247599,-0.01608283,1.082547584,-0.032571417,-0.0087095,-0.060402191,-0.29,0.226,0.968,4.722,9.26,17.848,24.443,25.682,25.179,23.384,13.172,5.571,-1.375,7137
"149",835011,"MGP INGREDIENTS, INC.","1/1/12","31/12/12",2012,"KS",2.623055994,0.059520656,0.004857404,-0.002823515,1.395955796,0.009952749,0.041625044,0.018703859,0.09,2.298,2.828,13.14,15.24,20.964,25.754,29.673,25.295,20.608,12.412,8.333,1.5,53607
"151",835011,"MGP INGREDIENTS, INC.","1/7/10","30/6/11",2011,"KS",1.591589131,0.102422937,-0.005290323,0.002598826,1.140145908,-0.009620246,0.046811691,-0.017460571,-0.08,-2.53,-0.805,6.903,13.006,17.438,25.36,27.041,27.077,22.058,15.269,6.772,0.292,25055
"152",835011,"MGP INGREDIENTS, INC.","1/7/09","30/6/10",2010,"KS",2.063626364,0.028605188,0.043263637,0.035920999,1.449784246,0.072045777,0.089212097,0.120053858,0.52,-2.569,-1.117,6.904,14.438,17.156,25.451,24.808,24.149,19.058,9.52,8.922,-2.956,40278
"153",835011,"MGP INGREDIENTS, INC.","1/7/08","30/6/09",2009,"KS",1.630578262,0.150773277,-0.236875111,-0.270749661,1.218831365,-0.476276769,-0.4099096,-1.082008015,-4.17,-0.351,4.339,7.041,11.245,17.745,24.008,26.449,24.547,19.679,13.2,7.299,-1.083,64772
"154",1342423,"LIMONEIRA COMPANY","1/11/19","31/10/20",2020,"CA",1.351514574,0.642868819,-0.102759211,-0.118846796,1.351514574,-0.042184292,0.280834189,-0.083954843,-0.96,7.458,9.633,9.371,13.922,18.489,21.539,24.771,26.026,23.31,18.923,11.748,6.945,1536815.5
"155",1342423,"LIMONEIRA COMPANY","1/11/18","31/10/19",2019,"CA",1.107566953,0.491298582,-0.035683192,-0.033107374,1.107566953,-0.014862442,0.257515624,-0.026807946,-0.37,7.859,5.068,9.872,14.86,15.18,21.81,24.188,24.819,20.662,14.941,11.668,7.145,1301818.13333333
"156",1342423,"LIMONEIRA COMPANY","1/11/17","31/10/18",2018,"CA",1.146635148,0.365487816,0.162356045,0.076288361,1.146635148,0.047913913,0.238005502,0.092123757,1.26,9.377,8.331,9.853,14.261,17.472,22.023,26.433,24.653,21.7,16.13,12.065,8.633,1451867.06666667
"157",1342423,"LIMONEIRA COMPANY","1/11/16","31/10/17",2017,"CA",0.979080207,0.768409202,0.056917726,0.102382863,0.979080207,0.019452498,0.329491993,0.048211531,0.42,5.759,8.793,12.29,13.493,17.785,22.731,25.937,25.407,21.123,16.665,11.737,6.456,795951.333333333
"158",1342423,"LIMONEIRA COMPANY","1/11/15","31/10/16",2016,"CA",0.778872469,0.716786036,0.075925751,0.086573071,0.778872469,0.026380922,0.323230141,0.063700612,0.52,6.984,11.25,11.86,14.719,17.081,23.136,24.852,24.478,20.903,15.935,8.989,5.777,782513
"159",1342423,"LIMONEIRA COMPANY","1/11/14","31/10/15",2015,"CA",0.699572997,0.739395739,0.074450191,0.048179219,0.699572997,0.026290975,0.3591714,0.058397652,0.46,9.368,11.98,14.247,13.965,16.307,23.57,23.936,24.767,22.437,18.343,11.899,8.208,667816.666666667
"160",1342423,"LIMONEIRA COMPANY","1/11/13","31/10/14",2014,"CA",0.701272891,0.57766059,0.070958771,0.100414121,0.701272891,0.028316598,0.305180103,0.059081037,0.46,10,10.025,12.341,14.546,18.436,22.2,25.743,23.824,22.323,17.974,11.243,6.683,570131.333333333
"161",1342423,"LIMONEIRA COMPANY","1/11/12","31/10/13",2013,"CA",0.926541738,0.57715066,0.061332667,0.067483435,0.926541738,0.023371476,0.319359357,0.045572348,0.36,5.607,7.521,12.415,14.707,17.899,22.513,25.563,23.46,21.924,14.708,11.475,6.062,772291
"162",1342423,"LIMONEIRA COMPANY","1/11/11","31/10/12",2012,"CA",0.808945191,1.803448553,0.05117541,0.074017513,0.808945191,0.018247964,0.53750391,0.063377731,0.26,7.981,8.224,9.758,13.483,17.957,20.792,23.765,25.407,22.76,16.638,9.091,6.257,374435.666666667
"163",1342423,"LIMONEIRA COMPANY","1/11/10","31/10/11",2011,"CA",0.950360878,1.68945201,0.034675057,0.021916025,0.950360878,0.010048545,0.531158035,0.032577673,0.12,7.319,6.579,9.719,12.175,14.375,19.5,23.461,24.032,22.427,16.254,9.377,7.556,115304
"164",1342423,"LIMONEIRA COMPANY","1/11/09","31/10/10",2010,"CA",1.166456295,1.649608415,0.006867373,0.066398775,1.166456295,0.002025866,0.541031624,0.006200092,0.01,7.316,8.428,9.967,10.878,14.202,20.665,24.508,22.987,21.296,15.718,10.635,5.357,306899.666666667
"165",1342423,"LIMONEIRA COMPANY","1/11/08","31/10/09",2009,"CA",1.468105608,1.346882788,-0.092707763,-0.241807109,1.468105608,-0.020279415,0.47113514,-0.055582388,-0.28,8.289,7.611,10.002,12.664,19.405,19.844,25.301,23.769,22.735,14.439,12.314,5.597,1052382.33333333
"167",1592016,"AgroFresh Solutions, Inc.","1/1/20","31/12/20",2020,"PA",2.955298424,0.970990444,-0.340712877,0.053614813,2.48676109,-0.068353477,0.268241996,-0.197182013,-1.26,0.554,0.915,6.264,7.596,13.981,20.369,24.504,22.566,17.34,11.647,7.65,0.461,2997
"168",1592016,"AgroFresh Solutions, Inc.","1/1/19","31/12/19",2019,"PA",2.658704649,1.19292988,-0.315120689,-0.239643666,2.204266945,-0.066515492,0.427549237,-0.160603082,-1.07,-3.076,-0.667,2.006,10.49,16.321,19.571,23.595,21.546,19.031,12.533,3.004,0.715,691
"169",1592016,"AgroFresh Solutions, Inc.","1/1/18","31/12/18",2018,"PA",2.234010358,1.098805148,-0.16813397,0.041077042,1.847029827,-0.033426481,0.411713947,-0.082511467,-0.6,-4.301,1.667,1.092,6.551,18.366,20.021,22.815,22.982,19.835,11.681,3.101,1.153,3614
"170",1592016,"AgroFresh Solutions, Inc.","1/1/17","31/12/17",2017,"PA",1.888836079,0.988300866,0.143093168,0.248637411,1.634199409,0.023870521,0.433596098,0.057578188,0.47,0.302,2.904,2.367,12.315,14.53,20.073,22.509,20.352,18.212,13.894,4.59,-1.865,NA
"171",1592016,"AgroFresh Solutions, Inc.","1/1/16","31/12/16",2016,"PA",1.760101167,1.172614838,-0.698695426,-0.230814999,1.600433571,-0.115505195,0.291388671,-0.332870847,-2.26,-3.058,-0.269,6.739,8.631,14.724,20.277,23.418,23.673,19.556,12.461,6.545,-0.129,NA
"172",1592016,"AgroFresh Solutions, Inc.","1/1/15","31/12/15",2015,"PA",2.67361255,0.915258514,-0.173995347,-0.081043948,2.019831286,-0.026318171,0.348943449,-0.064189699,-0.29,-4.937,-8.415,0.286,9.433,17.936,20.113,21.971,21.155,19.722,10.817,8.045,6.059,NA
"173",1425292,"CVR PARTNERS, LP","1/1/20","31/12/20",2020,"TX",1.548499496,2.017375199,-0.280554817,-0.099676242,0.993764818,-0.095055573,0.518705948,-0.312438542,-8.77,10.408,9.402,17.311,18.475,23.784,27.252,29.599,29.224,23.543,18.881,15.928,9.101,256826
"174",1425292,"CVR PARTNERS, LP","1/1/19","31/12/19",2019,"TX",1.654420039,1.507365139,-0.086519025,0.067742598,1.015000463,-0.030729686,0.525009337,-0.083350018,-3.09,8.385,10.639,13.153,18.509,22.689,26.367,28.353,29.942,27.62,18.501,12.039,10.256,215493
"175",1425292,"CVR PARTNERS, LP","1/1/18","31/12/18",2018,"TX",1.560166347,1.258415929,-0.142493776,0.017984403,1.041929302,-0.0398816,0.461549377,-0.100088831,-0.44,6.72,10.964,16.5,17.358,25.712,28.926,29.222,28.48,24.715,18.576,11.315,8.981,569811
"176",1425292,"CVR PARTNERS, LP","1/1/17","31/12/17",2017,"TX",2.103396025,1.138311512,-0.220034945,-0.031069945,1.155557536,-0.058972223,0.448129916,-0.132377199,-0.64,10.382,14.343,17.534,19.639,22.517,27.176,28.758,27.116,24.935,19.327,15.887,8.747,734682
"177",1425292,"CVR PARTNERS, LP","1/1/16","31/12/16",2016,"TX",2.134870509,0.997119571,-0.075608223,0.068925352,1.211819221,-0.020528617,0.45432196,-0.043107214,-0.26,8.022,11.944,16.25,18.953,22.222,26.952,29.783,27.672,25.521,21.691,16.225,9.741,256680
"178",1425292,"CVR PARTNERS, LP","1/1/15","31/12/15",2015,"TX",3.802770703,0.323621716,0.208059183,0.230484181,2.354557382,0.115694959,0.348369712,0.160917334,0.85,6.649,8.597,13.53,19.207,22.201,26.537,28.634,28.674,26.462,20.767,14.203,10.798,184418
"179",1425292,"CVR PARTNERS, LP","1/1/14","31/12/14",2014,"TX",3.263354069,0.301982698,0.254964592,0.277243735,2.36643413,0.131554716,0.347504228,0.183965444,1.04,7.056,8.722,12.786,18.628,22.475,27.196,27.789,28.342,24.95,20.967,11.086,10.289,131138
"180",1425292,"CVR PARTNERS, LP","1/1/13","31/12/13",2013,"TX",4.958007741,0.284141925,0.36646976,0.385733088,3.750675528,0.199873958,0.410505279,0.269630229,1.62,8.671,10.782,13.96,17.244,22.628,27.841,27.63,28.663,26.408,19.368,11.772,7.084,10743
"181",1425292,"CVR PARTNERS, LP","1/1/12","31/12/12",2012,"TX",3.356200101,0.280147828,0.371219514,0.382912847,2.771076301,0.180146528,0.380803398,0.251512238,1.54,10.127,10.911,17.261,21.19,24.288,28.138,28.809,28.942,25.026,18.909,15.059,10.457,97
"182",1425292,"CVR PARTNERS, LP","1/1/11","31/12/11",2011,"TX",6.403707542,0.255368354,0.437310767,0.449695741,5.855938192,0.200887596,0.390480033,0.270582179,1.48,7.121,9.245,16.565,21.351,23.529,29.715,30.731,31.401,25.696,19.514,13.975,7.774,2722623
"183",1425292,"CVR PARTNERS, LP","1/1/10","31/12/10",2010,"TX",1.587985068,0,0.184553494,0.11279562,1.157609167,0.073658952,0.073658952,0.08280893,NA,6.748,6.609,12.741,18.457,23.408,28.362,27.709,29.393,25.612,19.645,13.821,9.478,210320
"184",1425292,"CVR PARTNERS, LP","1/1/09","31/12/09",2009,"TX",NA,NA,0.27776418,0.234500002,NA,NA,NA,NA,NA,8.726,12.981,15.237,18.332,23.249,27.863,29.159,28.687,23.657,17.864,14.146,6.09,753261
"185",37785,"FMC CORPORATION","1/1/20","31/12/20",2020,"PA",1.546694945,0.98909447,0.118610112,0.194351694,1.15942029,0.054052462,0.341641797,0.185900466,4.24,0.554,0.915,6.264,7.596,13.981,20.369,24.504,22.566,17.34,11.647,7.65,0.461,2997
"186",37785,"FMC CORPORATION","1/1/19","31/12/19",2019,"PA",1.495943317,1.196975082,0.104169378,0.17822899,1.122581593,0.048639177,0.35565752,0.189629981,3.64,-3.076,-0.667,2.006,10.49,16.321,19.571,23.595,21.546,19.031,12.533,3.004,0.715,691
"187",37785,"FMC CORPORATION","1/1/18","31/12/18",2018,"PA",1.346361996,0.678731622,0.106201616,0.186238843,0.979788869,0.050339372,0.268800818,0.156397957,3.72,-4.301,1.667,1.092,6.551,18.366,20.021,22.815,22.982,19.835,11.681,3.101,1.153,3614
"188",37785,"FMC CORPORATION","1/1/17","31/12/17",2017,"PA",1.653254277,1.105611171,0.187035364,0.090252206,1.204037295,0.058481692,0.383585154,0.198884415,3.99,0.302,2.904,2.367,12.315,14.53,20.073,22.509,20.352,18.212,13.894,4.59,-1.865,NA
"189",37785,"FMC CORPORATION","1/1/16","31/12/16",2016,"PA",1.98108747,0.902558956,0.064495491,0.128412137,1.491934362,0.034482759,0.327480332,0.106221776,1.56,-3.058,-0.269,6.739,8.631,14.724,20.277,23.418,23.673,19.556,12.461,6.545,-0.129,NA
"190",37785,"FMC CORPORATION","1/1/15","31/12/15",2015,"PA",2.044932223,1.067075407,0.152144056,-0.015321227,1.494323264,0.078803016,0.400701876,0.26122727,3.66,-4.937,-8.415,0.286,9.433,17.936,20.113,21.971,21.155,19.722,10.817,8.045,6.059,NA
"191",37785,"FMC CORPORATION","1/1/14","31/12/14",2014,"PA",1.5360134,0.737468031,0.079773138,0.1350769,1.202837102,0.060312705,0.276284992,0.205946292,2.3,-6.385,-4.699,-0.444,8.987,15.571,20.426,21.212,20.078,17.499,12.049,3.205,1.417,NA
"192",37785,"FMC CORPORATION","1/1/13","31/12/13",2013,"PA",1.482357679,0.759376234,0.079487974,0.170073294,1.135853425,0.058832518,0.279282549,0.202658245,2.16,-1.27,-2.187,1.39,9.409,15.56,20.248,23.234,20.461,17.044,12.199,3.515,-0.347,NA
"193",37785,"FMC CORPORATION","1/1/12","31/12/12",2012,"PA",1.921532365,0.613929609,0.116239362,0.175599605,1.326464113,0.099613617,0.307391573,0.29433223,3.01,-0.617,1.525,9.07,9.043,18.089,19.882,24.076,21.747,17.321,11.571,3.625,2.422,3157
"194",37785,"FMC CORPORATION","1/1/11","31/12/11",2011,"PA",2.032177411,0.628002579,0.113147222,0.173895024,1.520926188,0.102096968,0.310217711,0.308076737,2.57,-4.866,-1.59,2.762,10.047,16.652,20.709,24.231,21.595,18.578,10.867,7.656,2.19,636
"195",37785,"FMC CORPORATION","1/1/10","31/12/10",2010,"PA",1.70873988,0.444542643,0.059333184,0.124217822,1.347726801,0.055694449,0.207205036,0.163411401,1.19,-3.213,-3.023,5.883,11.742,16.56,21.408,23.737,22.347,18.202,11.275,5.281,-3.305,3482
"196",37785,"FMC CORPORATION","1/1/09","31/12/09",2009,"PA",2.097715736,0.546265329,0.080850612,0.118427571,1.603496898,0.072858874,0.260346917,0.21228168,3.15,-6.074,-0.989,3.758,9.84,15.216,19.052,20.15,21.947,17.027,9.732,7.5,-1.35,6132
"197",37785,"FMC CORPORATION","1/1/08","31/12/08",2008,"PA",1.887498353,0.656661867,NA,NA,1.385851666,0.101740205,0.299776212,0.337357404,4.1,-1.213,-1.999,2.33,10.976,12.974,21.177,22.432,20.221,18.136,9.81,4.281,-0.369,7694
"198",277638,"THE DAVEY TREE EXPERT COMPANY","1/1/20","31/12/20",2020,"OH",1.3874527,0.967291714,0.047327797,0.07316287,NA,0.092983334,0.210580846,0.764829179,2.77,1.746,0.733,7.34,9.003,15.207,21.874,25.431,22.848,18.592,12.129,8.291,1.037,1551
"199",277638,"THE DAVEY TREE EXPERT COMPANY","1/1/19","31/12/19",2019,"OH",1.698687769,2.395381479,0.035891652,0.06116532,NA,0.068769224,0.308923749,0.685927213,1.79,-2.364,0.713,3.019,11.485,17.595,20.928,24.925,22.65,21.483,13.793,3.274,2.458,1038
"200",277638,"THE DAVEY TREE EXPERT COMPANY","1/1/18","31/12/18",2018,"OH",1.83091191,3.78969037,0.026696175,0.053608004,NA,0.051949877,0.347347153,0.666471778,1.12,-3.626,2.794,2.766,7.499,20.493,22.421,23.741,23.667,21.32,12.659,3.345,1.943,337
"201",277638,"THE DAVEY TREE EXPERT COMPANY","1/1/17","31/12/17",2017,"OH",1.625445953,3.24380131,0.024149579,0.056979687,NA,0.046751984,0.294780559,0.611438207,0.87,1.575,4.892,5.061,13.813,16.226,21.531,23.365,21.411,19.21,14.343,5.829,-1.342,733
"202",277638,"DAVEY TREE EXPERT CO","1/1/16","31/12/16",2016,"OH",1.503494386,3.220995068,0.026350455,0.057784405,NA,0.052564166,0.265134843,0.796482951,0.85,-2.422,1.148,8.402,10.384,15.995,22.345,24.324,24.898,21.18,14.551,8.089,-0.239,1116
"203",277638,"DAVEY TREE EXPERT CO","1/1/15","31/12/15",2015,"OH",1.437552479,5.856955017,0.026521346,0.053665635,NA,0.055383067,0.270413582,1.508512111,0.81,-3.969,-7.695,2.618,11.158,18.882,21.606,22.713,21.817,20.766,12.709,8.846,6.637,548
"204",277638,"DAVEY TREE EXPERT CO","1/1/14","31/12/14",2014,"OH",1.460679446,6.340143481,0.029331152,0.055706276,NA,0.060810385,0.27420972,1.80669058,0.84,-6.449,-4.452,1.22,11.11,17.061,22.114,21.472,22.19,18.297,12.189,3.102,2.064,684
"205",277638,"DAVEY TREE EXPERT CO","1/1/13","31/12/13",2013,"OH",1.444044419,0.381537007,0.032013818,0.057139615,NA,0.068549814,0.218631703,0.174266803,1.61,-0.631,-1.38,1.881,10.424,17.751,21.486,23.159,21.688,18.854,12.643,4.27,0.134,152
"206",277638,"DAVEY TREE EXPERT CO","1/1/12","31/12/12",2012,"OH",1.641438589,0.463879904,0.036160981,0.067289272,NA,0.074320404,0.239874053,0.208245136,1.74,0.287,1.954,11.408,10.379,19.668,21.871,25.93,22.465,18.014,11.578,4.594,3.359,1250
"207",277638,"DAVEY TREE EXPERT CO","1/1/11","31/12/11",2011,"OH",1.279325722,0.507674285,0.0217713,0.05077287,NA,0.046306966,0.214664805,0.139636241,1,-4.428,-0.46,4.472,11.383,17.057,22.04,25.871,22.857,18.483,11.817,8.638,2.874,1203
"208",277638,"DAVEY TREE EXPERT CO","1/1/10","31/12/10",2010,"OH",1.286899447,0.321147923,0.023748927,0.050042925,NA,0.04874318,0.158317349,0.142860047,0.97,-3.652,-3.132,5.972,13.21,18.035,23.089,24.767,24.106,19.431,12.819,5.864,-3.726,4218
"210",1121702,"YIELD10 BIOSCIENCE, INC.","1/1/20","31/12/20",2020,"MA",5.701212789,NA,-12.77346683,-12.02628285,5.701212789,-0.702795758,NA,-1.07070919,-4.3,-0.738,-0.57,4.09,6.069,13.321,19.444,23.32,21.618,16.745,10.804,6.489,0.068,834
"211",1121702,"YIELD10 BIOSCIENCE, INC.","1/1/19","31/12/19",2019,"MA",5.294064341,NA,-16.07444169,-10.66501241,5.294064341,-0.774973083,NA,3.171603427,-35.5,-4.08,-2.657,0.554,8.388,12.709,18.365,22.951,20.724,16.468,10.854,2.609,-1.359,248
"212",1121702,"YIELD10 BIOSCIENCE, INC.","1/1/18","31/12/18",2018,"MA",3.886045094,NA,-16.51978417,-16.76079137,3.886045094,-0.708719136,NA,-1.611969112,-36.99,-4.792,0.387,1.361,5.401,15.848,18.144,22.752,22.749,18.19,9.626,2.765,-0.559,210
"213",1121702,"YIELD10 BIOSCIENCE, INC.","1/1/17","31/12/17",2017,"MA",6.280842105,NA,-9.953389831,-9.833686441,6.280842105,-0.556569127,NA,-0.695896904,-3.29,-0.887,-0.135,-0.674,9.636,12.715,18.67,20.924,19.81,18.276,13.814,4.259,-3.523,369
"214",1121702,"YIELD10 BIOSCIENCE, INC.","1/1/16","31/12/16",2016,"MA",2.849891226,NA,-6.5608283,-8.842105263,2.849891226,-0.707480461,NA,-1.193907992,-2.73,-2.433,-1.133,4.615,6.897,13.867,18.781,22.37,22.236,17.964,10.774,5.391,-1.134,946
"215",1121702,"YIELD10 BIOSCIENCE, INC.","1/1/15","31/12/15",2015,"MA",3.797953964,NA,-17.54148148,-9.236296296,3.784910486,-1.385826311,NA,-1.817700338,-0.95,-6.326,-10.156,-1.747,7.094,16.35,17.466,21.376,21.524,18.882,9.663,6.768,4.691,574
"216",1121702,"YIELD10 BIOSCIENCE, INC.","1/1/14","31/12/14",2014,"MA",5.243494868,NA,-10.54785714,-9.581785714,5.103604679,-1.276593905,NA,-1.571291764,-2.88,-5.666,-4.886,-2.167,7.293,13.752,18.695,21.531,19.376,16.64,11.506,3.505,0.954,158
"217",1121702,"METABOLIX, INC.","1/1/13","31/12/13",2013,"MA",4.072800646,NA,-5.655543196,-5.291064145,3.762711864,-1.140923031,NA,-1.495538778,-5.31,-3.307,-2.664,1.081,7.381,14.049,19.033,23.401,19.635,16.121,10.651,3.302,-2.104,NA
"218",1121702,"METABOLIX, INC.","1/1/12","31/12/12",2012,"MA",8.18098262,NA,0.085783155,0.092849041,7.645554813,0.067837787,NA,0.076679341,0.11,-1.757,0.235,6.251,8.757,15.634,18.222,22.503,21.691,16.362,11.419,3.592,0.884,1027
"219",1121702,"METABOLIX, INC.","1/1/11","31/12/11",2011,"MA",10.94752268,NA,-27.21754386,-27.27087719,10.94752268,-0.467785122,NA,-0.98281935,-1.24,-5.804,-4.291,1.247,8.167,14.644,18.311,22.434,20.788,18.042,10.879,7.015,1.603,545
"220",1121702,"METABOLIX, INC.","1/1/10","31/12/10",2010,"MA",9.891477717,NA,-86.61383929,-86.91741071,9.891477717,-0.581135523,NA,-1.638917047,-1.45,-3.795,-1.951,4.802,9.89,15.505,19.449,23.055,20.964,17.848,10.167,4.668,-2.679,2156
"221",1121702,"METABOLIX, INC.","1/1/09","31/12/09",2009,"MA",20.46317405,NA,-26.63649123,-27.17824561,20.46317405,-0.38908707,NA,-0.689575612,-1.62,-7.446,-2.537,1.408,8.634,13.732,17.092,19.565,21.345,15.305,8.607,6.96,-2.135,1144
"222",1121702,"METABOLIX, INC.","1/1/08","31/12/08",2008,"MA",19.92212581,NA,-23.15434084,-25.01093248,19.92212581,-0.371392321,NA,-0.609314447,-1.58,-2.641,-2.526,0.725,8.614,12.251,19.371,22.032,19.351,16.709,9.181,4.134,-1.019,2918
"223",1121702,"","1/1/07","31/12/07",2007,"MA",23.94204765,NA,-16.56268568,-20.09269162,23.94204765,-234.235824,NA,-0.312492993,-1.27,-1.973,-6.026,0.54,5.858,14.425,18.47,20.777,20.548,17.168,12.91,3.483,-2.519,2687
"224",1121702,"","1/1/06","31/12/06",2006,"MA",38.31108351,NA,-3.499346405,-3.817864924,38.31108351,-0.125881689,NA,-0.146567142,-2.96,-0.18,-2.665,1.428,8.46,13.217,18.905,22.603,19.965,15.637,9.622,7.395,2.482,2821
"225",1121702,"","1/1/05","31/12/05",2005,"MA",1.264379415,NA,-2.741819489,-2.525710176,1.264379415,-1.040955631,NA,0.163774217,-2.56,-5.692,-2.729,-0.758,8.581,10.751,20.024,21.754,21.923,18.144,10.819,5.403,-2.48,2530
"227",1477246,"S&W Seed Co","1/7/19","30/6/20",2020,"CO",1.680671923,0.198059279,-0.247220163,-0.23577822,0.466173771,-0.12615334,-0.022858931,-0.241889564,-0.59,-3.067,-3.205,3.658,6.239,13.112,18.475,20.695,20.229,17.124,4.79,1.616,-2.65,40392
"228",1477246,"S&W Seed Co","1/7/18","30/6/19",2019,"CO",2.7012062,0.132718343,-0.084807046,-0.045512402,0.599800551,-0.063575913,0.027099203,-0.093054084,-0.31,-3.785,-4.315,0.935,7.413,8.923,16.042,21.133,19.154,16.546,7.024,0.125,-3.461,475803
"229",1477246,"S&W Seed Co","1/7/17","30/6/18",2018,"CO",1.88417509,0.164910065,-0.07373102,-0.046712463,0.459065015,-0.034297639,0.063549295,-0.057804835,-0.21,-1.752,-2.242,3.177,6.611,14.117,19.351,20.896,18.302,15.074,8.008,4.971,-1.594,111667
"230",1477246,"S&W Seed Co","1/7/16","30/6/17",2017,"CO",1.105456089,0.18630367,-0.156845488,-0.031953486,0.491771694,-0.100956558,-0.003554415,-0.193102294,-0.67,-4.204,1.462,5.727,6.832,10.936,18.422,20.825,18.226,15.41,10.776,4.366,-4.215,129495
"231",1477246,"S&W Seed Co","1/7/15","30/6/16",2016,"CO",1.391090764,0.269032564,0.003802695,0.021275755,0.863382195,0.00287569,0.146413639,0.005389894,0.02,-3.954,0.061,3.333,6.487,10.564,19.301,19.339,19.464,17.036,10.574,1.275,-3.78,22602
"232",1477246,"S&W Seed Co","1/7/14","30/6/15",2015,"CO",1.338607476,0.42739677,-0.038950495,0.029379513,0.737872294,-0.025854567,0.155369155,-0.060975231,-0.25,-1.995,-0.273,4.739,7.076,10.048,18.514,20.337,18.338,15.657,9.761,0.653,-2.682,2494
"233",1477246,"S&W Seed Co","1/7/13","30/6/14",2014,"CO",1.677178023,0.091632827,0.007239931,0.020606636,0.815432429,0.004178032,0.057037757,0.007242658,0.03,-3.508,-2.739,2.391,6.285,11.548,17.132,20.476,19.499,17.148,6.692,1.686,-4.938,195145
"234",1477246,"S&W Seed Co","1/7/12","30/6/13",2013,"CO",1.712193913,0.108191445,-0.067384692,-0.090209565,0.858124829,-0.029398602,0.033881864,-0.050263177,-0.29,-5.212,-3.714,1.66,4.253,11.694,18.824,21.644,20.01,15.339,7.849,3.931,-3.802,246445
"235",1477246,"S&W Seed Co","1/7/11","30/6/12",2012,"CO",9.154378034,0,0.026494568,0.043796351,5.940536857,0.017011899,0.017011899,0.018620316,0.06,-1.882,-2.874,5.529,8.916,13.15,20.094,21.248,20.866,14.795,8.233,1.434,-4.584,161167
"236",1477246,"S&W Seed Co","1/7/10","30/6/11",2011,"CO",19.52516735,0,-0.30456833,-0.562369757,10.00559162,-0.053535266,-0.053535266,-0.055722654,-0.14,-4.817,-4.537,3.034,5.972,9.686,17.377,20.489,19.353,16.34,9.356,0.652,-1.149,44020
"237",1477246,"S&W Seed Co","1/7/09","30/6/10",2010,"CO",39.4373655,0,0.062799367,0.064729527,31.15249064,0.024678907,0.024678907,0.025209017,0.11,-3.795,-4.363,1.751,6.387,10.161,17.922,19.548,18.411,14.288,4.667,3.112,-6.979,50456
"238",1302946,"TWO RIVERS WATER & FARMING Co","1/1/18","31/12/18",2018,"CO",0.003185347,-0.714880493,56.28787879,-97.37878788,0.003185347,0.121029484,0.423098224,-0.286430224,0.08,-1.752,-2.242,3.177,6.611,14.117,19.351,21.133,19.154,16.546,7.024,0.125,-3.461,475803
"239",1302946,"TWO RIVERS WATER & FARMING Co","1/1/17","31/12/17",2017,"CO",0.002825201,-0.951159827,-18.34971098,-13.10693642,0.002825201,-0.332826588,0.156191025,0.647361713,-0.4,-4.204,1.462,5.727,6.832,10.936,18.422,20.896,18.302,15.074,8.008,4.971,-1.594,111667
"240",1302946,"TWO RIVERS WATER & FARMING Co","1/1/16","31/12/16",2016,"CO",0.168111652,-1.71293132,-29.84926471,-13.25367647,0.168111652,-0.1699709,0.155316432,0.89505016,-0.38,-3.954,0.061,3.333,6.487,10.564,19.301,20.825,18.226,15.41,10.776,4.366,-4.215,129495
"241",1302946,"TWO RIVERS WATER & FARMING Co","1/1/15","31/12/15",2015,"CO",0.416195976,0.472240072,-1.089586969,-0.64921466,0.416195976,-0.078222556,0.228695525,-0.120357281,-0.22,-1.995,-0.273,4.739,7.076,10.048,18.514,19.339,19.464,17.036,10.574,1.275,-3.78,22602
"242",1302946,"TWO RIVERS WATER & FARMING Co","1/1/14","31/12/14",2014,"CO",0.500823723,0.465934832,-1.91543514,-1.408456486,0.500823723,-0.108435975,0.202277481,-0.162606726,-0.24,-3.508,-2.739,2.391,6.285,11.548,17.132,20.337,18.338,15.657,9.761,0.653,-2.682,2494
"243",1302946,"TWO RIVERS WATER & FARMING Co","1/1/13","31/12/13",2013,"CO",0.723663144,0.613631041,-2.415112386,-1.483978957,0.723663144,-0.121097309,0.255863028,-0.19712702,-0.2,-5.212,-3.714,1.66,4.253,11.694,18.824,20.476,19.499,17.148,6.692,1.686,-4.938,195145
"244",1302946,"TWO RIVERS WATER & FARMING Co","1/1/12","31/12/12",2012,"CO",0.136048241,0.548502395,-13.53395349,-7.338604651,0.136048241,-0.32729686,0.017929452,-0.520015727,-0.61,-1.882,-2.874,5.529,8.916,13.15,20.094,21.644,20.01,15.339,7.849,3.931,-3.802,246445
"245",1302946,"TWO RIVERS WATER & FARMING Co","1/1/11","31/12/11",2011,"CO",0.918825561,0.610019823,-58.54285714,-63.23809524,0.918825561,-0.173360032,0.208500197,-0.276941791,-0.27,-4.817,-4.537,3.034,5.972,9.686,17.377,21.248,20.866,14.795,8.233,1.434,-4.584,161167
"246",1302946,"TWO RIVERS WATER Co","1/1/10","31/12/10",2010,"CO",1.211438475,0.521808723,-48.29591837,-38.81122449,1.211438475,-0.348040297,-0.012427384,-0.541130738,-0.67,-3.795,-4.363,1.751,6.387,10.161,17.922,20.489,19.353,16.34,9.356,0.652,-1.149,44020
"247",1302946,"Two Rivers Water Company","1/1/09","31/12/09",2009,"CO",1.387835703,0.402498712,-281.8181818,-197.1818182,1.387835703,-0.276662204,0.002231147,-0.399278722,-0.33,-2.508,-0.241,2.675,5.457,12.566,15.634,19.548,18.411,14.288,4.667,3.112,-6.979,50456
"248",1302946,"TWO RIVERS WATER & FARMING Co","1/1/08","31/12/08",2008,"CO",1.912206855,0.180954859,0.571230021,-1.291174427,1.912206855,0.087914439,0.236684492,0.106933784,0.02,-6.491,-2.717,1.068,4.821,10.59,16.624,20.797,18.882,14.114,8.37,3.258,-4.253,141964
"249",1302946,"TWO RIVERS WATER Co","1/1/07","31/12/07",2007,"CO",10.36043956,0.031891169,2.726303318,-1.078199052,10.36043956,0.244189748,0.274541017,0.256578947,0.26,-7.095,-2.494,4.686,6.15,11.993,17.293,21.032,20.569,15.438,8.875,3.147,-5.659,20739
"251",16160,"CAL-MAINE FOODS, INC.","2/6/19","31/5/20",2020,"MS",5.604573796,0.000848788,0.013606746,0.000938881,3.59545196,0.015240815,0.01595102,0.018214772,0.38,10.358,10.764,18.157,17.549,21.789,26.279,27.581,27.947,27.754,19.602,10.825,10.867,5473
"252",16160,"CAL-MAINE FOODS, INC.","3/6/18","1/6/19",2019,"MS",7.579438504,0.002368684,0.039839464,0.03363312,5.280093983,0.046899621,0.048920761,0.054964201,1.12,8.22,13.066,13.063,17.889,24.048,27.511,28.117,27.364,26.485,20.259,11.01,9.908,21194
"253",16160,"CAL-MAINE FOODS, INC.","4/6/17","2/6/18",2018,"MS",5.448172258,0.006388114,0.083790883,0.06687395,3.884307943,0.109463539,0.114757134,0.13209655,2.6,5.005,14.128,14.546,15.676,24.962,25.431,27.946,26.872,24.222,19.534,14.44,8.703,40595
"254",16160,"CAL-MAINE FOODS INC","29/5/16","3/6/17",2017,"MS",6.74416735,0.012981095,-0.06912713,-0.124843534,4.259713354,-0.071898588,-0.061310007,-0.088144234,-1.54,11.993,14.334,16.07,20.14,21.86,27.395,28.674,28.331,26.62,21.182,15.177,10.214,8128
"255",16160,"CAL-MAINE FOODS INC","31/5/15","28/5/16",2016,"MS",7.504799223,0.027936959,0.165583528,0.247230765,5.649830439,0.284269607,0.307269072,0.345296222,6.56,7.045,10.883,16.224,18.911,22.117,26.847,28.786,27.341,25.146,19.699,15.802,13.974,37769
"256",16160,"CAL-MAINE FOODS INC","1/6/14","30/5/15",2015,"MS",5.012152128,0.072289088,0.102310218,0.148951735,3.571819668,0.1736429,0.228410397,0.229195922,3.35,6.893,5.834,14.592,19.794,23.04,26.471,25.992,27.268,25.261,19.649,10.089,10.406,10053
"257",16160,"CAL-MAINE FOODS INC","2/6/13","31/5/14",2014,"MS",3.677863932,0.102879092,0.075790457,0.101361157,2.471292557,0.134547551,0.20981666,0.183901871,2.27,4.074,8.243,11.53,17.624,22.18,26.655,26.563,27.052,26.09,19.196,11.326,8.556,33
"258",16160,"CAL-MAINE FOODS INC","3/6/12","1/6/13",2013,"MS",3.186612389,0.125586211,0.039145131,0.046264122,2.049909751,0.067624965,0.154826743,0.097392087,1.05,9.773,9.734,10.776,17.153,21.197,26.188,28.375,27.117,24.239,17.334,11.767,11.275,135
"259",16160,"CAL-MAINE FOODS INC","29/5/11","2/6/12",2012,"MS",3.14385451,0.159081659,0.080616036,0.079643092,2.310914572,0.123548153,0.228488702,0.18728933,3.76,10.874,11.611,19.027,19.265,24.14,28.405,28.838,29.011,23.218,16.921,14.058,9.402,42036
"260",16160,"CAL MAINE FOODS INC","30/5/10","28/5/11",2011,"MS",3.303260081,0.210455329,0.064586228,0.08862493,2.279637521,0.094935889,0.232506246,0.145233059,2.55,6.095,10.213,14.869,19.928,22.126,28.46,28.83,29.37,25.772,19.045,13.825,6.224,34810
"261",16160,"CAL MAINE FOODS INC","31/5/09","29/5/10",2010,"MS",2.86639429,0.357264508,0.074519059,0.112733933,2.069879804,0.10743659,0.320768466,0.179922856,2.85,5.171,5.192,11.877,18.976,24.167,27.403,26.965,26.619,24.893,17.602,13.343,7.329,31280
"262",16160,"CAL-MAINE FOODS, INC.","1/6/08","30/5/09",2009,"MS",2.330931852,0.389746223,0.085593209,0.130784271,1.390255194,0.1363999,0.359081746,0.238732287,3.34,7.684,10.758,14.702,17.622,22.659,26.845,28,26.552,24.078,17.638,11.858,9.548,27399
"263",16160,"CAL-MAINE FOODS, INC.","3/6/07","31/5/08",2008,"MS",2.183371465,0.352401335,0.165798159,0.244161456,1.436002531,0.302973051,0.496793925,0.550859692,6.41,6.791,10.396,14.047,17.67,22.351,26.794,26.782,29.679,25.493,19.803,13.512,11.447,16119
"264",16160,"CAL-MAINE FOODS, INC.","4/6/06","2/6/07",2007,"MS",2.063280446,0.724622606,0.061284541,0.097353744,1.242139444,0.1005464,0.410096333,0.235368148,1.56,8.279,8.104,16.821,16.56,22.939,26.49,28.32,28.962,23.532,18.115,12.636,9.877,178973
"265",16160,"CAL-MAINE FOODS, INC.","29/5/05","3/6/06",2006,"MS",1.937143562,0.867560008,-0.002121222,0.009454408,1.045577854,-0.003194395,0.324481739,-0.008457525,-0.04,11.237,8.142,14.569,20.743,22.667,26.042,27.78,28.417,26.198,18.365,14.516,7.296,5409
"266",16160,"CAL-MAINE FOODS INC","30/5/04","28/5/05",2005,"MS",2.40516336,0.681088179,-0.027601754,-0.03284337,1.53388455,-0.038429289,0.269487337,-0.085002667,-0.43,10.296,11.183,12.711,17.496,21.424,25.839,27.059,25.535,24.446,21.705,15.418,7.892,3002
"267",16160,"CAL-MAINE FOODS INC","1/6/03","29/5/04",2004,"MS",2.575673843,0.64232155,0.116090165,0.185770123,1.729835565,0.22032836,0.518880219,0.47402704,2.78,7.835,7.884,15.883,17.295,23.193,25.366,27.159,27.727,23.724,18.637,15.393,7.685,4803
"268",16160,"CAL-MAINE FOODS INC","2/6/02","31/5/03",2003,"MS",1.483179523,1.637951124,0.03151793,0.067784712,0.595054849,0.051879418,0.511725122,0.184792313,1.04,5.231,8.565,14.102,18.362,23.432,26.052,27.872,27.416,25.939,19.981,11.714,8.601,16651
"270",1575858,"PureBase Corp","1/12/19","30/11/20",2020,"CA",0.008484448,0,-8.884699841,-9.062882947,0.008484448,-2.369057513,-2.369057513,1.156324087,-0.01,7.458,9.633,9.371,13.922,18.489,21.539,24.771,26.026,23.31,18.923,10.755,6.945,2814483
"271",1575858,"PureBase Corp","1/12/18","30/11/19",2019,"CA",0.031137742,0,-8.657538751,-3.72994778,0.031137742,-13.55357112,-13.55357112,4.202366312,-0.02,7.859,5.068,9.872,14.86,15.18,21.81,24.188,24.819,20.662,14.941,11.748,7.145,780483.066666667
"272",1575858,"PureBase Corp","1/12/17","30/11/18",2018,"CA",0.004652375,0,-2.063567702,-1.94141727,0.004652375,-5.12126503,-5.12126503,0.233190571,-0.01,9.377,8.331,9.853,14.261,17.472,22.023,26.433,24.653,21.7,16.13,11.668,8.633,1637510.13333333
"273",1575858,"PureBase Corp","1/12/16","30/11/17",2017,"CA",0.016905456,0,-3.361959621,-4.419518223,0.016905456,-5.695717976,-5.695717976,0.404100916,-0.01,5.759,8.793,12.29,13.493,17.785,22.731,25.937,25.407,21.123,16.665,12.065,6.456,1031087.66666667
"274",1575858,"PureBase Corp","1/12/15","30/11/16",2016,"CA",0.173480323,0,-15.20028137,-14.37643848,0.173480323,-2.850949167,-2.850949167,0.968886695,-0.02,6.984,11.25,11.86,14.719,17.081,23.136,24.852,24.478,20.903,15.935,11.737,5.777,671664
"275",1575858,"PureBase Corp","1/12/14","30/11/15",2015,"CA",0.070001707,0,-27.21368839,-25.24507688,0.070001707,-3.496417767,-3.496417767,1.435197257,-0.01,9.368,11.98,14.247,13.965,16.307,23.57,23.936,24.767,22.437,18.343,8.989,8.208,780589.333333333
